cloud,storage_tier,latency_ms,storage_cost_usd_gb_month,put_cost_usd_10k,get_cost_usd_10k,egress_cost_usd_gb,availability,durability,source,timestamp
AWS,standard,25.0,0.023,0.05,0.004,0.09,99.99,99.999999999,live_api_fetch_simulated,2026-09-28T21:45:57.400403
AWS,infrequent,45.0,0.0125,0.1,0.01,0.09,99.9,99.999999999,live_api_fetch_simulated,2026-09-28T21:45:57.400403
AWS,archive,100.0,0.004,0.05,0.004,0.09,99.9,99.999999999,live_api_fetch_simulated,2026-09-28T21:45:57.400403
AZURE,standard,28.0,0.0208,0.065,0.005,0.087,99.9,99.999999999,live_api_fetch_simulated,2026-09-28T21:45:57.400403
AZURE,infrequent,50.0,0.0104,0.13,0.013,0.087,99.0,99.999999999,live_api_fetch_simulated,2026-09-28T21:45:57.400403
AZURE,archive,20.0,0.002,0.13,0.065,0.087,99.0,99.999999999,live_api_fetch_simulated,2026-09-28T21:45:57.400403
GCP,standard,22.0,0.023,0.05,0.004,0.12,99.95,99.999999999,live_api_fetch_simulated,2026-09-28T21:45:57.400403
GCP,infrequent,40.0,0.013,0.1,0.01,0.12,99.9,99.999999999,live_api_fetch_simulated,2026-09-28T21:45:57.400403
GCP,archive,50.0,0.0025,0.1,0.05,0.12,99.9,99.999999999,live_api_fetch_simulated,2026-09-28T21:45:57.400403
