provider,region,file_size_mb,method,metric,mean,median,stddev,p95,sample_count,source
AWS,unknown,50,presigned,ttfb_s,0.35489302857142857,0.2879995,0.18530871623068335,0.6337137499999996,140,results.csv
AWS,unknown,50,server,ttfb_s,0.0,0.0,0.0,0.0,140,results.csv
AWS,unknown,100,presigned,ttfb_s,0.4102187,0.3055365,0.2921544639667406,1.0315075499999997,140,results.csv
AWS,unknown,100,server,ttfb_s,0.0,0.0,0.0,0.0,140,results.csv
AWS,unknown,500,presigned,ttfb_s,0.43315055714285716,0.2872475,0.3435619429676845,1.0652987999999999,140,results.csv
AWS,unknown,500,server,ttfb_s,0.0,0.0,0.0,0.0,140,results.csv
AWS,unknown,1024,presigned,ttfb_s,0.4140135857142857,0.279643,0.2938357440189176,1.0341276499999998,140,results.csv
AWS,unknown,1024,server,ttfb_s,0.0,0.0,0.0,0.0,140,results.csv
AWS,unknown,2048,presigned,ttfb_s,0.3608758444444444,0.2515755,0.2697669190387943,1.0177498,90,results.csv
AWS,unknown,2048,server,ttfb_s,0.0,0.0,0.0,0.0,90,results.csv
AZURE,unknown,50,presigned,ttfb_s,0.6902988714285714,0.5186345,0.44042037482491514,1.4577151499999998,140,results.csv
AZURE,unknown,50,server,ttfb_s,0.0,0.0,0.0,0.0,140,results.csv
AZURE,unknown,100,presigned,ttfb_s,0.8845343571428572,0.4897435,0.8228661513842072,2.7233894499999995,140,results.csv
AZURE,unknown,100,server,ttfb_s,0.0,0.0,0.0,0.0,140,results.csv
AZURE,unknown,500,presigned,ttfb_s,0.8665693785714286,0.5110175,0.7747539698474669,2.6408452,140,results.csv
AZURE,unknown,500,server,ttfb_s,0.0,0.0,0.0,0.0,140,results.csv
AZURE,unknown,1024,presigned,ttfb_s,0.8604050357142857,0.46461050000000004,0.7980428520727946,2.5831083499999985,140,results.csv
AZURE,unknown,1024,server,ttfb_s,0.0,0.0,0.0,0.0,140,results.csv
AZURE,unknown,2048,presigned,ttfb_s,0.7446467444444445,0.3965795,0.7354398559324821,2.48388765,90,results.csv
AZURE,unknown,2048,server,ttfb_s,0.0,0.0,0.0,0.0,90,results.csv
GCP,unknown,50,presigned,ttfb_s,1.3546885642857143,1.186376,0.456075027224786,2.11040795,140,results.csv
GCP,unknown,50,server,ttfb_s,0.0,0.0,0.0,0.0,140,results.csv
GCP,unknown,100,presigned,ttfb_s,1.4385288857142857,1.1593035,0.7388042238728769,2.8568299999999995,140,results.csv
GCP,unknown,100,server,ttfb_s,0.0,0.0,0.0,0.0,140,results.csv
GCP,unknown,500,presigned,ttfb_s,1.3693083785714286,1.1836574999999998,0.5580926264669932,2.5897048,140,results.csv
GCP,unknown,500,server,ttfb_s,0.0,0.0,0.0,0.0,140,results.csv
GCP,unknown,1024,presigned,ttfb_s,1.320830942857143,1.1276595,0.5405416077650185,2.4875272999999996,140,results.csv
GCP,unknown,1024,server,ttfb_s,0.0,0.0,0.0,0.0,140,results.csv
GCP,unknown,2048,presigned,ttfb_s,1.2673653888888887,1.0942325,0.5577842920532065,2.56307185,90,results.csv
GCP,unknown,2048,server,ttfb_s,0.0,0.0,0.0,0.0,90,results.csv
AWS,unknown,50,presigned,throughput_MBps,45.042696428571425,43.79805,12.405203995117965,64.80805999999998,140,results.csv
AWS,unknown,50,server,throughput_MBps,48.29960785714286,43.1826,18.08344670544426,84.82143999999998,140,results.csv
AWS,unknown,100,presigned,throughput_MBps,51.245335714285716,48.72,17.35906219311189,76.99715,140,results.csv
AWS,unknown,100,server,throughput_MBps,48.712450714285715,40.8681,16.959927496954162,85.236365,140,results.csv
AWS,unknown,500,presigned,throughput_MBps,55.611705,51.9581,20.002847115104956,87.646945,140,results.csv
AWS,unknown,500,server,throughput_MBps,47.56197,47.2274,5.317965034756442,56.24076,140,results.csv
AWS,unknown,1024,presigned,throughput_MBps,55.88475642857143,54.242,19.802070732694098,87.62383999999999,140,results.csv
AWS,unknown,1024,server,throughput_MBps,49.33749,49.24525,4.117189531432937,56.388729999999995,140,results.csv
AWS,unknown,2048,presigned,throughput_MBps,52.93962444444445,44.7225,20.773609967528305,88.920915,90,results.csv
AWS,unknown,2048,server,throughput_MBps,50.406711111111115,51.060050000000004,4.340160226251798,55.96609,90,results.csv
AZURE,unknown,50,presigned,throughput_MBps,28.892132857142858,28.07825,6.447338270002089,40.237664999999986,140,results.csv
AZURE,unknown,50,server,throughput_MBps,36.01063785714286,36.6479,5.584115849474748,45.747840000000004,140,results.csv
AZURE,unknown,100,presigned,throughput_MBps,29.938741428571426,29.704700000000003,5.889422496013062,38.776835,140,results.csv
AZURE,unknown,100,server,throughput_MBps,89.31594214285715,90.24605,11.039991407918592,105.25407499999999,140,results.csv
AZURE,unknown,500,presigned,throughput_MBps,30.153874285714288,31.55515,5.827990371028564,38.677459999999996,140,results.csv
AZURE,unknown,500,server,throughput_MBps,98.84010571428571,99.6189,8.432329979616949,111.3192,140,results.csv
AZURE,unknown,1024,presigned,throughput_MBps,30.858666428571432,32.2543,6.419973549247494,39.75729499999999,140,results.csv
AZURE,unknown,1024,server,throughput_MBps,103.60206785714286,103.89975000000001,7.43209086825475,114.925175,140,results.csv
AZURE,unknown,2048,presigned,throughput_MBps,28.412154444444443,26.8309,6.364020118933747,38.733979999999995,90,results.csv
AZURE,unknown,2048,server,throughput_MBps,106.22101111111111,108.78219999999999,8.977606389589152,117.810745,90,results.csv
GCP,unknown,50,presigned,throughput_MBps,14.386797857142856,10.4295,8.053520701844091,28.518819999999998,140,results.csv
GCP,unknown,50,server,throughput_MBps,14.443060714285716,12.51315,6.820717758552014,25.516855,140,results.csv
GCP,unknown,100,presigned,throughput_MBps,16.311925714285717,12.95655,9.896842176906018,35.03044,140,results.csv
GCP,unknown,100,server,throughput_MBps,16.859907857142858,14.2537,8.871083591684686,33.05650999999999,140,results.csv
GCP,unknown,500,presigned,throughput_MBps,17.511375714285712,13.9326,10.836663377128133,37.980125,140,results.csv
GCP,unknown,500,server,throughput_MBps,19.37005285714286,16.335050000000003,10.272451705834243,37.62744,140,results.csv
GCP,unknown,1024,presigned,throughput_MBps,18.076102142857145,14.7651,10.89357525616792,38.353114999999995,140,results.csv
GCP,unknown,1024,server,throughput_MBps,20.377657142857142,17.58625,10.632424258253739,39.22307999999999,140,results.csv
GCP,unknown,2048,presigned,throughput_MBps,15.522541111111112,10.442799999999998,10.679994443281121,37.749055,90,results.csv
GCP,unknown,2048,server,throughput_MBps,17.94578,12.96335,10.903739421262165,40.245035,90,results.csv
