workload_id,config,cost_usd,latency_ms,status
WL_0001,greedily_cheapest,0.00149,23.5,optimal
WL_0001,cost_only,inf,inf,infeasible
WL_0001,cost_latency,inf,inf,infeasible
WL_0001,cost_latency_redundancy,inf,inf,infeasible
WL_0001,full_balanced,inf,inf,infeasible
WL_0002,greedily_cheapest,0.535019,20.0,optimal
WL_0002,cost_only,1.750005,22.0,optimal
WL_0002,cost_latency,1.750005,22.0,optimal
WL_0002,cost_latency_redundancy,1.750005,22.0,optimal
WL_0002,full_balanced,1.750005,22.0,optimal
WL_0003,greedily_cheapest,0.006209,20.0,optimal
WL_0003,cost_only,0.006209,20.0,optimal
WL_0003,cost_latency,0.006209,20.0,optimal
WL_0003,cost_latency_redundancy,0.006209,20.0,optimal
WL_0003,full_balanced,0.006209,20.0,optimal
WL_0004,greedily_cheapest,0.334454,20.0,optimal
WL_0004,cost_only,0.334454,20.0,optimal
WL_0004,cost_latency,0.334454,20.0,optimal
WL_0004,cost_latency_redundancy,0.334454,20.0,optimal
WL_0004,full_balanced,0.334454,20.0,optimal
WL_0005,greedily_cheapest,0.000268,20.0,optimal
WL_0005,cost_only,0.000268,20.0,optimal
WL_0005,cost_latency,0.000268,20.0,optimal
WL_0005,cost_latency_redundancy,0.000268,20.0,optimal
WL_0005,full_balanced,0.000268,20.0,optimal
WL_0006,greedily_cheapest,0.002353,20.0,optimal
WL_0006,cost_only,0.002353,20.0,optimal
WL_0006,cost_latency,0.002353,20.0,optimal
WL_0006,cost_latency_redundancy,0.002353,20.0,optimal
WL_0006,full_balanced,0.002353,20.0,optimal
WL_0007,greedily_cheapest,0.016959,20.0,optimal
WL_0007,cost_only,0.023151,50.0,optimal
WL_0007,cost_latency,0.04103,22.0,optimal
WL_0007,cost_latency_redundancy,0.04103,22.0,optimal
WL_0007,full_balanced,0.04103,22.0,optimal
WL_0008,greedily_cheapest,0.625538,50.0,optimal
WL_0008,cost_only,0.625538,50.0,optimal
WL_0008,cost_latency,0.626256,20.0,optimal
WL_0008,cost_latency_redundancy,0.626256,20.0,optimal
WL_0008,full_balanced,0.626256,20.0,optimal
WL_0009,greedily_cheapest,0.004626,50.0,optimal
WL_0009,cost_only,0.004626,50.0,optimal
WL_0009,cost_latency,0.004686,20.0,optimal
WL_0009,cost_latency_redundancy,0.004686,20.0,optimal
WL_0009,full_balanced,0.004686,20.0,optimal
WL_0010,greedily_cheapest,0.362883,50.0,optimal
WL_0010,cost_only,inf,inf,infeasible
WL_0010,cost_latency,inf,inf,infeasible
WL_0010,cost_latency_redundancy,inf,inf,infeasible
WL_0010,full_balanced,inf,inf,infeasible
WL_0011,greedily_cheapest,0.005197,50.0,optimal
WL_0011,cost_only,inf,inf,infeasible
WL_0011,cost_latency,inf,inf,infeasible
WL_0011,cost_latency_redundancy,inf,inf,infeasible
WL_0011,full_balanced,inf,inf,infeasible
WL_0012,greedily_cheapest,0.010864,50.0,optimal
WL_0012,cost_only,0.010864,50.0,optimal
WL_0012,cost_latency,0.011172,20.0,optimal
WL_0012,cost_latency_redundancy,0.011172,20.0,optimal
WL_0012,full_balanced,0.011172,20.0,optimal
WL_0013,greedily_cheapest,0.111494,50.0,optimal
WL_0013,cost_only,inf,inf,infeasible
WL_0013,cost_latency,inf,inf,infeasible
WL_0013,cost_latency_redundancy,inf,inf,infeasible
WL_0013,full_balanced,inf,inf,infeasible
WL_0014,greedily_cheapest,0.000811,100.0,optimal
WL_0014,cost_only,0.000811,100.0,optimal
WL_0014,cost_latency,0.000826,25.0,optimal
WL_0014,cost_latency_redundancy,0.000826,25.0,optimal
WL_0014,full_balanced,0.000826,25.0,optimal
WL_0015,greedily_cheapest,0.009795,64.0,optimal
WL_0015,cost_only,inf,inf,infeasible
WL_0015,cost_latency,inf,inf,infeasible
WL_0015,cost_latency_redundancy,inf,inf,infeasible
WL_0015,full_balanced,inf,inf,infeasible
WL_0016,greedily_cheapest,0.119335,50.0,optimal
WL_0016,cost_only,inf,inf,infeasible
WL_0016,cost_latency,inf,inf,infeasible
WL_0016,cost_latency_redundancy,inf,inf,infeasible
WL_0016,full_balanced,inf,inf,infeasible
WL_0017,greedily_cheapest,2.2e-05,50.0,optimal
WL_0017,cost_only,2.2e-05,50.0,optimal
WL_0017,cost_latency,2.2e-05,50.0,optimal
WL_0017,cost_latency_redundancy,2.2e-05,50.0,optimal
WL_0017,full_balanced,2.2e-05,50.0,optimal
WL_0018,greedily_cheapest,0.09701,60.0,optimal
WL_0018,cost_only,0.09701,60.0,optimal
WL_0018,cost_latency,0.098331,22.5,optimal
WL_0018,cost_latency_redundancy,0.098331,22.5,optimal
WL_0018,full_balanced,0.098331,22.5,optimal
WL_0019,greedily_cheapest,0.101364,28.0,optimal
WL_0019,cost_only,inf,inf,infeasible
WL_0019,cost_latency,inf,inf,infeasible
WL_0019,cost_latency_redundancy,inf,inf,infeasible
WL_0019,full_balanced,inf,inf,infeasible
WL_0020,greedily_cheapest,0.003955,28.0,optimal
WL_0020,cost_only,0.003955,28.0,optimal
WL_0020,cost_latency,0.004056,25.0,optimal
WL_0020,cost_latency_redundancy,0.004056,25.0,optimal
WL_0020,full_balanced,0.004056,25.0,optimal
WL_0021,greedily_cheapest,2.291318,20.0,optimal
WL_0021,cost_only,2.291318,20.0,optimal
WL_0021,cost_latency,2.291318,20.0,optimal
WL_0021,cost_latency_redundancy,2.291318,20.0,optimal
WL_0021,full_balanced,2.291318,20.0,optimal
WL_0022,greedily_cheapest,0.141502,64.0,optimal
WL_0022,cost_only,inf,inf,infeasible
WL_0022,cost_latency,inf,inf,infeasible
WL_0022,cost_latency_redundancy,inf,inf,infeasible
WL_0022,full_balanced,inf,inf,infeasible
WL_0023,greedily_cheapest,0.167084,28.0,optimal
WL_0023,cost_only,inf,inf,infeasible
WL_0023,cost_latency,inf,inf,infeasible
WL_0023,cost_latency_redundancy,inf,inf,infeasible
WL_0023,full_balanced,inf,inf,infeasible
WL_0024,greedily_cheapest,0.103656,26.5,optimal
WL_0024,cost_only,0.103656,26.5,optimal
WL_0024,cost_latency,0.103656,26.5,optimal
WL_0024,cost_latency_redundancy,0.103656,26.5,optimal
WL_0024,full_balanced,0.103656,26.5,optimal
WL_0025,greedily_cheapest,0.000844,20.0,optimal
WL_0025,cost_only,inf,inf,infeasible
WL_0025,cost_latency,inf,inf,infeasible
WL_0025,cost_latency_redundancy,inf,inf,infeasible
WL_0025,full_balanced,inf,inf,infeasible
WL_0026,greedily_cheapest,0.000515,20.0,optimal
WL_0026,cost_only,inf,inf,infeasible
WL_0026,cost_latency,inf,inf,infeasible
WL_0026,cost_latency_redundancy,inf,inf,infeasible
WL_0026,full_balanced,inf,inf,infeasible
WL_0027,greedily_cheapest,0.129976,28.0,optimal
WL_0027,cost_only,0.129976,28.0,optimal
WL_0027,cost_latency,0.133666,25.0,optimal
WL_0027,cost_latency_redundancy,0.133666,25.0,optimal
WL_0027,full_balanced,0.133666,25.0,optimal
WL_0028,greedily_cheapest,2.073438,28.0,optimal
WL_0028,cost_only,2.073438,28.0,optimal
WL_0028,cost_latency,2.144438,25.0,optimal
WL_0028,cost_latency_redundancy,2.144438,25.0,optimal
WL_0028,full_balanced,2.144438,25.0,optimal
WL_0029,greedily_cheapest,0.790128,26.5,optimal
WL_0029,cost_only,0.790128,26.5,optimal
WL_0029,cost_latency,0.790128,26.5,optimal
WL_0029,cost_latency_redundancy,0.790128,26.5,optimal
WL_0029,full_balanced,0.790128,26.5,optimal
WL_0030,greedily_cheapest,5.4e-05,20.0,optimal
WL_0030,cost_only,inf,inf,infeasible
WL_0030,cost_latency,inf,inf,infeasible
WL_0030,cost_latency_redundancy,inf,inf,infeasible
WL_0030,full_balanced,inf,inf,infeasible
WL_0031,greedily_cheapest,0.005545,75.0,optimal
WL_0031,cost_only,0.006661,47.5,optimal
WL_0031,cost_latency,0.006856,23.5,optimal
WL_0031,cost_latency_redundancy,0.006856,23.5,optimal
WL_0031,full_balanced,0.006856,23.5,optimal
WL_0032,greedily_cheapest,6.466141,60.0,optimal
WL_0032,cost_only,6.466141,60.0,optimal
WL_0032,cost_latency,6.494775,22.5,optimal
WL_0032,cost_latency_redundancy,6.494775,22.5,optimal
WL_0032,full_balanced,6.494775,22.5,optimal
WL_0033,greedily_cheapest,0.394827,26.5,optimal
WL_0033,cost_only,inf,inf,infeasible
WL_0033,cost_latency,inf,inf,infeasible
WL_0033,cost_latency_redundancy,inf,inf,infeasible
WL_0033,full_balanced,inf,inf,infeasible
WL_0034,greedily_cheapest,0.003981,28.0,optimal
WL_0034,cost_only,0.003981,28.0,optimal
WL_0034,cost_latency,0.004107,25.0,optimal
WL_0034,cost_latency_redundancy,0.004107,25.0,optimal
WL_0034,full_balanced,0.004107,25.0,optimal
WL_0035,greedily_cheapest,0.21935,60.0,optimal
WL_0035,cost_only,0.21935,60.0,optimal
WL_0035,cost_latency,0.223001,22.5,optimal
WL_0035,cost_latency_redundancy,0.223001,22.5,optimal
WL_0035,full_balanced,0.223001,22.5,optimal
WL_0036,greedily_cheapest,0.00096,100.0,optimal
WL_0036,cost_only,0.000988,28.0,optimal
WL_0036,cost_latency,0.001021,25.0,optimal
WL_0036,cost_latency_redundancy,0.001021,25.0,optimal
WL_0036,full_balanced,0.001021,25.0,optimal
WL_0037,greedily_cheapest,0.09454,50.0,optimal
WL_0037,cost_only,0.09454,50.0,optimal
WL_0037,cost_latency,0.09506,20.0,optimal
WL_0037,cost_latency_redundancy,0.09506,20.0,optimal
WL_0037,full_balanced,0.09506,20.0,optimal
WL_0038,greedily_cheapest,0.00202,28.0,optimal
WL_0038,cost_only,0.00202,28.0,optimal
WL_0038,cost_latency,0.002036,25.0,optimal
WL_0038,cost_latency_redundancy,0.002036,25.0,optimal
WL_0038,full_balanced,0.002036,25.0,optimal
WL_0039,greedily_cheapest,0.036501,50.0,optimal
WL_0039,cost_only,0.036501,50.0,optimal
WL_0039,cost_latency,0.036551,25.0,optimal
WL_0039,cost_latency_redundancy,0.036551,25.0,optimal
WL_0039,full_balanced,0.036551,25.0,optimal
WL_0040,greedily_cheapest,1.582415,26.5,optimal
WL_0040,cost_only,1.582415,26.5,optimal
WL_0040,cost_latency,1.582415,26.5,optimal
WL_0040,cost_latency_redundancy,1.582415,26.5,optimal
WL_0040,full_balanced,1.582415,26.5,optimal
WL_0041,greedily_cheapest,0.675557,60.0,optimal
WL_0041,cost_only,0.675557,60.0,optimal
WL_0041,cost_latency,0.678643,22.5,optimal
WL_0041,cost_latency_redundancy,0.678643,22.5,optimal
WL_0041,full_balanced,0.678643,22.5,optimal
WL_0042,greedily_cheapest,0.035738,60.0,optimal
WL_0042,cost_only,0.03621,32.5,optimal
WL_0042,cost_latency,0.036731,22.5,optimal
WL_0042,cost_latency_redundancy,0.036731,22.5,optimal
WL_0042,full_balanced,0.036731,22.5,optimal
WL_0043,greedily_cheapest,0.800035,26.5,optimal
WL_0043,cost_only,0.800035,26.5,optimal
WL_0043,cost_latency,0.800035,26.5,optimal
WL_0043,cost_latency_redundancy,0.800035,26.5,optimal
WL_0043,full_balanced,0.800035,26.5,optimal
WL_0044,greedily_cheapest,0.030705,75.0,optimal
WL_0044,cost_only,0.036076,45.0,optimal
WL_0044,cost_latency,0.036475,21.0,optimal
WL_0044,cost_latency_redundancy,0.036475,21.0,optimal
WL_0044,full_balanced,0.036475,21.0,optimal
WL_0045,greedily_cheapest,0.000583,75.0,optimal
WL_0045,cost_only,inf,inf,infeasible
WL_0045,cost_latency,inf,inf,infeasible
WL_0045,cost_latency_redundancy,inf,inf,infeasible
WL_0045,full_balanced,inf,inf,infeasible
WL_0046,greedily_cheapest,0.000756,100.0,optimal
WL_0046,cost_only,0.000756,100.0,optimal
WL_0046,cost_latency,0.000777,20.0,optimal
WL_0046,cost_latency_redundancy,0.000777,20.0,optimal
WL_0046,full_balanced,0.000777,20.0,optimal
WL_0047,greedily_cheapest,0.006147,50.0,optimal
WL_0047,cost_only,inf,inf,infeasible
WL_0047,cost_latency,inf,inf,infeasible
WL_0047,cost_latency_redundancy,inf,inf,infeasible
WL_0047,full_balanced,inf,inf,infeasible
WL_0048,greedily_cheapest,0.007306,60.0,optimal
WL_0048,cost_only,0.007306,60.0,optimal
WL_0048,cost_latency,0.007777,35.0,optimal
WL_0048,cost_latency_redundancy,0.007777,35.0,optimal
WL_0048,full_balanced,0.007777,35.0,optimal
WL_0049,greedily_cheapest,0.020898,20.0,optimal
WL_0049,cost_only,0.020898,20.0,optimal
WL_0049,cost_latency,0.020898,20.0,optimal
WL_0049,cost_latency_redundancy,0.020898,20.0,optimal
WL_0049,full_balanced,0.020898,20.0,optimal
WL_0050,greedily_cheapest,0.004583,28.0,optimal
WL_0050,cost_only,0.004583,28.0,optimal
WL_0050,cost_latency,0.004653,25.0,optimal
WL_0050,cost_latency_redundancy,0.004653,25.0,optimal
WL_0050,full_balanced,0.004653,25.0,optimal
